Time,Value,Frequency,Market,Region,DataType,Version,ConvertedTime,
2022-06-07T20:40:00+00:00,758.1743,0,,CAISO_NORTH,,3.0-1.0.0,6/7/2022 8:40:00 PM,
2022-06-07T20:45:00+00:00,759.09174,0,,CAISO_NORTH,,3.0-1.0.0,6/7/2022 8:45:00 PM,
2022-06-07T20:50:00+00:00,779.8116,0,,CAISO_NORTH,,3.0-1.0.0,6/7/2022 8:50:00 PM,
2022-06-07T20:55:00+00:00,780.3364,0,,CAISO_NORTH,,3.0-1.0.0,6/7/2022 8:55:00 PM,
2022-06-07T21:00:00+00:00,732.46747,0,,CAISO_NORTH,,3.0-1.0.0,6/7/2022 9:00:00 PM,
2022-06-07T21:05:00+00:00,706.55084,0,,CAISO_NORTH,,3.0-1.0.0,6/7/2022 9:05:00 PM,
2022-06-07T21:10:00+00:00,760.053,0,,CAISO_NORTH,,3.0-1.0.0,6/7/2022 9:10:00 PM,
2022-06-07T21:15:00+00:00,767.51855,0,,CAISO_NORTH,,3.0-1.0.0,6/7/2022 9:15:00 PM,
2022-06-07T21:20:00+00:00,697.3452,0,,CAISO_NORTH,,3.0-1.0.0,6/7/2022 9:20:00 PM,
2022-06-07T21:25:00+00:00,783.5959,0,,CAISO_NORTH,,3.0-1.0.0,6/7/2022 9:25:00 PM,
2022-06-07T21:30:00+00:00,792.8641,0,,CAISO_NORTH,,3.0-1.0.0,6/7/2022 9:30:00 PM,
2022-06-07T21:35:00+00:00,791.3812,0,,CAISO_NORTH,,3.0-1.0.0,6/7/2022 9:35:00 PM,
2022-06-07T21:40:00+00:00,772.2242,0,,CAISO_NORTH,,3.0-1.0.0,6/7/2022 9:40:00 PM,
2022-06-07T21:45:00+00:00,769.59106,0,,CAISO_NORTH,,3.0-1.0.0,6/7/2022 9:45:00 PM,
2022-06-07T21:50:00+00:00,787.38745,0,,CAISO_NORTH,,3.0-1.0.0,6/7/2022 9:50:00 PM,
2022-06-07T21:55:00+00:00,809.7953,0,,CAISO_NORTH,,3.0-1.0.0,6/7/2022 9:55:00 PM,
2022-06-07T22:00:00+00:00,808.3427,0,,CAISO_NORTH,,3.0-1.0.0,6/7/2022 10:00:00 PM,
2022-06-07T22:05:00+00:00,789.26263,0,,CAISO_NORTH,,3.0-1.0.0,6/7/2022 10:05:00 PM,
2022-06-07T22:10:00+00:00,795.81976,0,,CAISO_NORTH,,3.0-1.0.0,6/7/2022 10:10:00 PM,
2022-06-07T22:15:00+00:00,791.68,0,,CAISO_NORTH,,3.0-1.0.0,6/7/2022 10:15:00 PM,
2022-06-07T22:20:00+00:00,786.9609,0,,CAISO_NORTH,,3.0-1.0.0,6/7/2022 10:20:00 PM,
2022-06-07T22:25:00+00:00,781.9943,0,,CAISO_NORTH,,3.0-1.0.0,6/7/2022 10:25:00 PM,
2022-06-07T22:30:00+00:00,800.94885,0,,CAISO_NORTH,,3.0-1.0.0,6/7/2022 10:30:00 PM,
2022-06-07T22:35:00+00:00,771.28107,0,,CAISO_NORTH,,3.0-1.0.0,6/7/2022 10:35:00 PM,
2022-06-07T22:40:00+00:00,768.46423,0,,CAISO_NORTH,,3.0-1.0.0,6/7/2022 10:40:00 PM,
2022-06-07T22:45:00+00:00,757.79755,0,,CAISO_NORTH,,3.0-1.0.0,6/7/2022 10:45:00 PM,
2022-06-07T22:50:00+00:00,775.092,0,,CAISO_NORTH,,3.0-1.0.0,6/7/2022 10:50:00 PM,
2022-06-07T22:55:00+00:00,723.4679,0,,CAISO_NORTH,,3.0-1.0.0,6/7/2022 10:55:00 PM,
2022-06-07T23:00:00+00:00,725.0707,0,,CAISO_NORTH,,3.0-1.0.0,6/7/2022 11:00:00 PM,
2022-06-07T23:05:00+00:00,757.7963,0,,CAISO_NORTH,,3.0-1.0.0,6/7/2022 11:05:00 PM,
2022-06-07T23:10:00+00:00,836.5854,0,,CAISO_NORTH,,3.0-1.0.0,6/7/2022 11:10:00 PM,
2022-06-07T23:15:00+00:00,807.0505,0,,CAISO_NORTH,,3.0-1.0.0,6/7/2022 11:15:00 PM,
2022-06-07T23:20:00+00:00,802.67694,0,,CAISO_NORTH,,3.0-1.0.0,6/7/2022 11:20:00 PM,
2022-06-07T23:25:00+00:00,803.42914,0,,CAISO_NORTH,,3.0-1.0.0,6/7/2022 11:25:00 PM,
2022-06-07T23:30:00+00:00,823.4965,0,,CAISO_NORTH,,3.0-1.0.0,6/7/2022 11:30:00 PM,
2022-06-07T23:35:00+00:00,863.2431,0,,CAISO_NORTH,,3.0-1.0.0,6/7/2022 11:35:00 PM,
2022-06-07T23:40:00+00:00,849.7935,0,,CAISO_NORTH,,3.0-1.0.0,6/7/2022 11:40:00 PM,
2022-06-07T23:45:00+00:00,833.23816,0,,CAISO_NORTH,,3.0-1.0.0,6/7/2022 11:45:00 PM,
2022-06-07T23:50:00+00:00,830.8492,0,,CAISO_NORTH,,3.0-1.0.0,6/7/2022 11:50:00 PM,
2022-06-07T23:55:00+00:00,808.73334,0,,CAISO_NORTH,,3.0-1.0.0,6/7/2022 11:55:00 PM,
2022-06-08T00:00:00+00:00,850.81586,0,,CAISO_NORTH,,3.0-1.0.0,6/8/2022 12:00:00 AM,
2022-06-08T00:05:00+00:00,889.9461,0,,CAISO_NORTH,,3.0-1.0.0,6/8/2022 12:05:00 AM,
2022-06-08T00:10:00+00:00,843.4938,0,,CAISO_NORTH,,3.0-1.0.0,6/8/2022 12:10:00 AM,
2022-06-08T00:15:00+00:00,857.4115,0,,CAISO_NORTH,,3.0-1.0.0,6/8/2022 12:15:00 AM,
2022-06-08T00:20:00+00:00,848.10126,0,,CAISO_NORTH,,3.0-1.0.0,6/8/2022 12:20:00 AM,
2022-06-08T00:25:00+00:00,865.3789,0,,CAISO_NORTH,,3.0-1.0.0,6/8/2022 12:25:00 AM,
2022-06-08T00:30:00+00:00,870.2137,0,,CAISO_NORTH,,3.0-1.0.0,6/8/2022 12:30:00 AM,
2022-06-08T00:35:00+00:00,929.5346,0,,CAISO_NORTH,,3.0-1.0.0,6/8/2022 12:35:00 AM,
2022-06-08T00:40:00+00:00,934.5333,0,,CAISO_NORTH,,3.0-1.0.0,6/8/2022 12:40:00 AM,
2022-06-08T00:45:00+00:00,940.80023,0,,CAISO_NORTH,,3.0-1.0.0,6/8/2022 12:45:00 AM,
2022-06-08T00:50:00+00:00,933.4401,0,,CAISO_NORTH,,3.0-1.0.0,6/8/2022 12:50:00 AM,
2022-06-08T00:55:00+00:00,925.70654,0,,CAISO_NORTH,,3.0-1.0.0,6/8/2022 12:55:00 AM,
2022-06-08T01:00:00+00:00,934.5063,0,,CAISO_NORTH,,3.0-1.0.0,6/8/2022 1:00:00 AM,
2022-06-08T01:05:00+00:00,917.31177,0,,CAISO_NORTH,,3.0-1.0.0,6/8/2022 1:05:00 AM,
2022-06-08T01:10:00+00:00,925.63495,0,,CAISO_NORTH,,3.0-1.0.0,6/8/2022 1:10:00 AM,
2022-06-08T01:15:00+00:00,934.4251,0,,CAISO_NORTH,,3.0-1.0.0,6/8/2022 1:15:00 AM,
2022-06-08T01:20:00+00:00,940.81506,0,,CAISO_NORTH,,3.0-1.0.0,6/8/2022 1:20:00 AM,
2022-06-08T01:25:00+00:00,940.6145,0,,CAISO_NORTH,,3.0-1.0.0,6/8/2022 1:25:00 AM,
2022-06-08T01:30:00+00:00,940.80365,0,,CAISO_NORTH,,3.0-1.0.0,6/8/2022 1:30:00 AM,
2022-06-08T01:35:00+00:00,942.31573,0,,CAISO_NORTH,,3.0-1.0.0,6/8/2022 1:35:00 AM,
2022-06-08T01:40:00+00:00,942.72125,0,,CAISO_NORTH,,3.0-1.0.0,6/8/2022 1:40:00 AM,
2022-06-08T01:45:00+00:00,945.1462,0,,CAISO_NORTH,,3.0-1.0.0,6/8/2022 1:45:00 AM,
2022-06-08T01:50:00+00:00,946.67993,0,,CAISO_NORTH,,3.0-1.0.0,6/8/2022 1:50:00 AM,
2022-06-08T01:55:00+00:00,951.02527,0,,CAISO_NORTH,,3.0-1.0.0,6/8/2022 1:55:00 AM,
2022-06-08T02:00:00+00:00,958.3882,0,,CAISO_NORTH,,3.0-1.0.0,6/8/2022 2:00:00 AM,
2022-06-08T02:05:00+00:00,940.0957,0,,CAISO_NORTH,,3.0-1.0.0,6/8/2022 2:05:00 AM,
2022-06-08T02:10:00+00:00,942.52997,0,,CAISO_NORTH,,3.0-1.0.0,6/8/2022 2:10:00 AM,
2022-06-08T02:15:00+00:00,939.98236,0,,CAISO_NORTH,,3.0-1.0.0,6/8/2022 2:15:00 AM,
2022-06-08T02:20:00+00:00,939.7801,0,,CAISO_NORTH,,3.0-1.0.0,6/8/2022 2:20:00 AM,
2022-06-08T02:25:00+00:00,939.3466,0,,CAISO_NORTH,,3.0-1.0.0,6/8/2022 2:25:00 AM,
2022-06-08T02:30:00+00:00,939.0462,0,,CAISO_NORTH,,3.0-1.0.0,6/8/2022 2:30:00 AM,
2022-06-08T02:35:00+00:00,937.09546,0,,CAISO_NORTH,,3.0-1.0.0,6/8/2022 2:35:00 AM,
2022-06-08T02:40:00+00:00,937.31085,0,,CAISO_NORTH,,3.0-1.0.0,6/8/2022 2:40:00 AM,
2022-06-08T02:45:00+00:00,931.08777,0,,CAISO_NORTH,,3.0-1.0.0,6/8/2022 2:45:00 AM,
2022-06-08T02:50:00+00:00,927.0811,0,,CAISO_NORTH,,3.0-1.0.0,6/8/2022 2:50:00 AM,
2022-06-08T02:55:00+00:00,933.7296,0,,CAISO_NORTH,,3.0-1.0.0,6/8/2022 2:55:00 AM,
2022-06-08T03:00:00+00:00,940.0907,0,,CAISO_NORTH,,3.0-1.0.0,6/8/2022 3:00:00 AM,
2022-06-08T03:05:00+00:00,939.87946,0,,CAISO_NORTH,,3.0-1.0.0,6/8/2022 3:05:00 AM,
2022-06-08T03:10:00+00:00,926.5822,0,,CAISO_NORTH,,3.0-1.0.0,6/8/2022 3:10:00 AM,
2022-06-08T03:15:00+00:00,917.1643,0,,CAISO_NORTH,,3.0-1.0.0,6/8/2022 3:15:00 AM,
2022-06-08T03:20:00+00:00,910.3412,0,,CAISO_NORTH,,3.0-1.0.0,6/8/2022 3:20:00 AM,
2022-06-08T03:25:00+00:00,902.6473,0,,CAISO_NORTH,,3.0-1.0.0,6/8/2022 3:25:00 AM,
2022-06-08T03:30:00+00:00,903.77313,0,,CAISO_NORTH,,3.0-1.0.0,6/8/2022 3:30:00 AM,
2022-06-08T03:35:00+00:00,903.3756,0,,CAISO_NORTH,,3.0-1.0.0,6/8/2022 3:35:00 AM,
2022-06-08T03:40:00+00:00,902.2144,0,,CAISO_NORTH,,3.0-1.0.0,6/8/2022 3:40:00 AM,
2022-06-08T03:45:00+00:00,901.08795,0,,CAISO_NORTH,,3.0-1.0.0,6/8/2022 3:45:00 AM,
2022-06-08T03:50:00+00:00,900.80194,0,,CAISO_NORTH,,3.0-1.0.0,6/8/2022 3:50:00 AM,
2022-06-08T03:55:00+00:00,900.69727,0,,CAISO_NORTH,,3.0-1.0.0,6/8/2022 3:55:00 AM,
2022-06-08T04:00:00+00:00,913.1953,0,,CAISO_NORTH,,3.0-1.0.0,6/8/2022 4:00:00 AM,
2022-06-08T04:05:00+00:00,925.67566,0,,CAISO_NORTH,,3.0-1.0.0,6/8/2022 4:05:00 AM,
2022-06-08T04:10:00+00:00,918.1853,0,,CAISO_NORTH,,3.0-1.0.0,6/8/2022 4:10:00 AM,
2022-06-08T04:15:00+00:00,910.91003,0,,CAISO_NORTH,,3.0-1.0.0,6/8/2022 4:15:00 AM,
2022-06-08T04:20:00+00:00,904.6927,0,,CAISO_NORTH,,3.0-1.0.0,6/8/2022 4:20:00 AM,
2022-06-08T04:25:00+00:00,914.3077,0,,CAISO_NORTH,,3.0-1.0.0,6/8/2022 4:25:00 AM,
2022-06-08T04:30:00+00:00,908.32684,0,,CAISO_NORTH,,3.0-1.0.0,6/8/2022 4:30:00 AM,
2022-06-08T04:35:00+00:00,914.1449,0,,CAISO_NORTH,,3.0-1.0.0,6/8/2022 4:35:00 AM,
2022-06-08T04:40:00+00:00,911.17365,0,,CAISO_NORTH,,3.0-1.0.0,6/8/2022 4:40:00 AM,
2022-06-08T04:45:00+00:00,903.5565,0,,CAISO_NORTH,,3.0-1.0.0,6/8/2022 4:45:00 AM,
2022-06-08T04:50:00+00:00,899.63574,0,,CAISO_NORTH,,3.0-1.0.0,6/8/2022 4:50:00 AM,
2022-06-08T04:55:00+00:00,897.1304,0,,CAISO_NORTH,,3.0-1.0.0,6/8/2022 4:55:00 AM,
2022-06-08T05:00:00+00:00,899.58545,0,,CAISO_NORTH,,3.0-1.0.0,6/8/2022 5:00:00 AM,
2022-06-08T05:05:00+00:00,897.25146,0,,CAISO_NORTH,,3.0-1.0.0,6/8/2022 5:05:00 AM,
2022-06-08T05:10:00+00:00,898.0215,0,,CAISO_NORTH,,3.0-1.0.0,6/8/2022 5:10:00 AM,
2022-06-08T05:15:00+00:00,896.9538,0,,CAISO_NORTH,,3.0-1.0.0,6/8/2022 5:15:00 AM,
2022-06-08T05:20:00+00:00,898.08673,0,,CAISO_NORTH,,3.0-1.0.0,6/8/2022 5:20:00 AM,
2022-06-08T05:25:00+00:00,898.28284,0,,CAISO_NORTH,,3.0-1.0.0,6/8/2022 5:25:00 AM,
2022-06-08T05:30:00+00:00,898.9905,0,,CAISO_NORTH,,3.0-1.0.0,6/8/2022 5:30:00 AM,
2022-06-08T05:35:00+00:00,903.251,0,,CAISO_NORTH,,3.0-1.0.0,6/8/2022 5:35:00 AM,
2022-06-08T05:40:00+00:00,903.2347,0,,CAISO_NORTH,,3.0-1.0.0,6/8/2022 5:40:00 AM,
2022-06-08T05:45:00+00:00,905.6595,0,,CAISO_NORTH,,3.0-1.0.0,6/8/2022 5:45:00 AM,
2022-06-08T05:50:00+00:00,905.35516,0,,CAISO_NORTH,,3.0-1.0.0,6/8/2022 5:50:00 AM,
2022-06-08T05:55:00+00:00,898.8439,0,,CAISO_NORTH,,3.0-1.0.0,6/8/2022 5:55:00 AM,
2022-06-08T06:00:00+00:00,901.2561,0,,CAISO_NORTH,,3.0-1.0.0,6/8/2022 6:00:00 AM,
2022-06-08T06:05:00+00:00,902.62885,0,,CAISO_NORTH,,3.0-1.0.0,6/8/2022 6:05:00 AM,
2022-06-08T06:10:00+00:00,904.9687,0,,CAISO_NORTH,,3.0-1.0.0,6/8/2022 6:10:00 AM,
2022-06-08T06:15:00+00:00,909.3993,0,,CAISO_NORTH,,3.0-1.0.0,6/8/2022 6:15:00 AM,
2022-06-08T06:20:00+00:00,909.9884,0,,CAISO_NORTH,,3.0-1.0.0,6/8/2022 6:20:00 AM,
2022-06-08T06:25:00+00:00,911.3924,0,,CAISO_NORTH,,3.0-1.0.0,6/8/2022 6:25:00 AM,
2022-06-08T06:30:00+00:00,912.50336,0,,CAISO_NORTH,,3.0-1.0.0,6/8/2022 6:30:00 AM,
2022-06-08T06:35:00+00:00,911.428,0,,CAISO_NORTH,,3.0-1.0.0,6/8/2022 6:35:00 AM,
2022-06-08T06:40:00+00:00,911.2735,0,,CAISO_NORTH,,3.0-1.0.0,6/8/2022 6:40:00 AM,
2022-06-08T06:45:00+00:00,917.9795,0,,CAISO_NORTH,,3.0-1.0.0,6/8/2022 6:45:00 AM,
2022-06-08T06:50:00+00:00,913.6974,0,,CAISO_NORTH,,3.0-1.0.0,6/8/2022 6:50:00 AM,
2022-06-08T06:55:00+00:00,917.11676,0,,CAISO_NORTH,,3.0-1.0.0,6/8/2022 6:55:00 AM,
2022-06-08T07:00:00+00:00,911.7949,0,,CAISO_NORTH,,3.0-1.0.0,6/8/2022 7:00:00 AM,
2022-06-08T07:05:00+00:00,920.8253,0,,CAISO_NORTH,,3.0-1.0.0,6/8/2022 7:05:00 AM,
2022-06-08T07:10:00+00:00,927.97217,0,,CAISO_NORTH,,3.0-1.0.0,6/8/2022 7:10:00 AM,
2022-06-08T07:15:00+00:00,931.4044,0,,CAISO_NORTH,,3.0-1.0.0,6/8/2022 7:15:00 AM,
2022-06-08T07:20:00+00:00,934.04285,0,,CAISO_NORTH,,3.0-1.0.0,6/8/2022 7:20:00 AM,
2022-06-08T07:25:00+00:00,934.2549,0,,CAISO_NORTH,,3.0-1.0.0,6/8/2022 7:25:00 AM,
2022-06-08T07:30:00+00:00,943.71564,0,,CAISO_NORTH,,3.0-1.0.0,6/8/2022 7:30:00 AM,
2022-06-08T07:35:00+00:00,947.5404,0,,CAISO_NORTH,,3.0-1.0.0,6/8/2022 7:35:00 AM,
2022-06-08T07:40:00+00:00,947.90125,0,,CAISO_NORTH,,3.0-1.0.0,6/8/2022 7:40:00 AM,
2022-06-08T07:45:00+00:00,947.93823,0,,CAISO_NORTH,,3.0-1.0.0,6/8/2022 7:45:00 AM,
2022-06-08T07:50:00+00:00,950.3652,0,,CAISO_NORTH,,3.0-1.0.0,6/8/2022 7:50:00 AM,
2022-06-08T07:55:00+00:00,951.1559,0,,CAISO_NORTH,,3.0-1.0.0,6/8/2022 7:55:00 AM,
2022-06-08T08:00:00+00:00,953.45325,0,,CAISO_NORTH,,3.0-1.0.0,6/8/2022 8:00:00 AM,
2022-06-08T08:05:00+00:00,933.38446,0,,CAISO_NORTH,,3.0-1.0.0,6/8/2022 8:05:00 AM,
2022-06-08T08:10:00+00:00,925.7771,0,,CAISO_NORTH,,3.0-1.0.0,6/8/2022 8:10:00 AM,
2022-06-08T08:15:00+00:00,926.9227,0,,CAISO_NORTH,,3.0-1.0.0,6/8/2022 8:15:00 AM,
2022-06-08T08:20:00+00:00,926.28503,0,,CAISO_NORTH,,3.0-1.0.0,6/8/2022 8:20:00 AM,
2022-06-08T08:25:00+00:00,926.7684,0,,CAISO_NORTH,,3.0-1.0.0,6/8/2022 8:25:00 AM,
2022-06-08T08:30:00+00:00,926.9169,0,,CAISO_NORTH,,3.0-1.0.0,6/8/2022 8:30:00 AM,
2022-06-08T08:35:00+00:00,931.45,0,,CAISO_NORTH,,3.0-1.0.0,6/8/2022 8:35:00 AM,
2022-06-08T08:40:00+00:00,931.4797,0,,CAISO_NORTH,,3.0-1.0.0,6/8/2022 8:40:00 AM,
2022-06-08T08:45:00+00:00,926.02295,0,,CAISO_NORTH,,3.0-1.0.0,6/8/2022 8:45:00 AM,
2022-06-08T08:50:00+00:00,931.25684,0,,CAISO_NORTH,,3.0-1.0.0,6/8/2022 8:50:00 AM,
2022-06-08T08:55:00+00:00,931.68024,0,,CAISO_NORTH,,3.0-1.0.0,6/8/2022 8:55:00 AM,
2022-06-08T09:00:00+00:00,917.96387,0,,CAISO_NORTH,,3.0-1.0.0,6/8/2022 9:00:00 AM,
2022-06-08T09:05:00+00:00,920.4647,0,,CAISO_NORTH,,3.0-1.0.0,6/8/2022 9:05:00 AM,
2022-06-08T09:10:00+00:00,943.93207,0,,CAISO_NORTH,,3.0-1.0.0,6/8/2022 9:10:00 AM,
2022-06-08T09:15:00+00:00,945.5401,0,,CAISO_NORTH,,3.0-1.0.0,6/8/2022 9:15:00 AM,
2022-06-08T09:20:00+00:00,947.64746,0,,CAISO_NORTH,,3.0-1.0.0,6/8/2022 9:20:00 AM,
2022-06-08T09:25:00+00:00,938.41125,0,,CAISO_NORTH,,3.0-1.0.0,6/8/2022 9:25:00 AM,
2022-06-08T09:30:00+00:00,925.916,0,,CAISO_NORTH,,3.0-1.0.0,6/8/2022 9:30:00 AM,
2022-06-08T09:35:00+00:00,918.36505,0,,CAISO_NORTH,,3.0-1.0.0,6/8/2022 9:35:00 AM,
2022-06-08T09:40:00+00:00,925.843,0,,CAISO_NORTH,,3.0-1.0.0,6/8/2022 9:40:00 AM,
2022-06-08T09:45:00+00:00,923.0984,0,,CAISO_NORTH,,3.0-1.0.0,6/8/2022 9:45:00 AM,
2022-06-08T09:50:00+00:00,925.9724,0,,CAISO_NORTH,,3.0-1.0.0,6/8/2022 9:50:00 AM,
2022-06-08T09:55:00+00:00,926.38074,0,,CAISO_NORTH,,3.0-1.0.0,6/8/2022 9:55:00 AM,
2022-06-08T10:00:00+00:00,931.0597,0,,CAISO_NORTH,,3.0-1.0.0,6/8/2022 10:00:00 AM,
2022-06-08T10:05:00+00:00,930.65265,0,,CAISO_NORTH,,3.0-1.0.0,6/8/2022 10:05:00 AM,
2022-06-08T10:10:00+00:00,936.229,0,,CAISO_NORTH,,3.0-1.0.0,6/8/2022 10:10:00 AM,
2022-06-08T10:15:00+00:00,929.9154,0,,CAISO_NORTH,,3.0-1.0.0,6/8/2022 10:15:00 AM,
2022-06-08T10:20:00+00:00,930.7863,0,,CAISO_NORTH,,3.0-1.0.0,6/8/2022 10:20:00 AM,
2022-06-08T10:25:00+00:00,932.1264,0,,CAISO_NORTH,,3.0-1.0.0,6/8/2022 10:25:00 AM,
2022-06-08T10:30:00+00:00,936.41003,0,,CAISO_NORTH,,3.0-1.0.0,6/8/2022 10:30:00 AM,
2022-06-08T10:35:00+00:00,937.6448,0,,CAISO_NORTH,,3.0-1.0.0,6/8/2022 10:35:00 AM,
2022-06-08T10:40:00+00:00,936.7828,0,,CAISO_NORTH,,3.0-1.0.0,6/8/2022 10:40:00 AM,
2022-06-08T10:45:00+00:00,936.4614,0,,CAISO_NORTH,,3.0-1.0.0,6/8/2022 10:45:00 AM,
2022-06-08T10:50:00+00:00,936.5642,0,,CAISO_NORTH,,3.0-1.0.0,6/8/2022 10:50:00 AM,
2022-06-08T10:55:00+00:00,942.83905,0,,CAISO_NORTH,,3.0-1.0.0,6/8/2022 10:55:00 AM,
2022-06-08T11:00:00+00:00,943.2234,0,,CAISO_NORTH,,3.0-1.0.0,6/8/2022 11:00:00 AM,
2022-06-08T11:05:00+00:00,950.91394,0,,CAISO_NORTH,,3.0-1.0.0,6/8/2022 11:05:00 AM,
2022-06-08T11:10:00+00:00,983.4849,0,,CAISO_NORTH,,3.0-1.0.0,6/8/2022 11:10:00 AM,
2022-06-08T11:15:00+00:00,984.8102,0,,CAISO_NORTH,,3.0-1.0.0,6/8/2022 11:15:00 AM,
2022-06-08T11:20:00+00:00,986.86865,0,,CAISO_NORTH,,3.0-1.0.0,6/8/2022 11:20:00 AM,
2022-06-08T11:25:00+00:00,995.52356,0,,CAISO_NORTH,,3.0-1.0.0,6/8/2022 11:25:00 AM,
2022-06-08T11:30:00+00:00,998.6117,0,,CAISO_NORTH,,3.0-1.0.0,6/8/2022 11:30:00 AM,
2022-06-08T11:35:00+00:00,999.61945,0,,CAISO_NORTH,,3.0-1.0.0,6/8/2022 11:35:00 AM,
2022-06-08T11:40:00+00:00,1001.5593,0,,CAISO_NORTH,,3.0-1.0.0,6/8/2022 11:40:00 AM,
2022-06-08T11:45:00+00:00,1005.66846,0,,CAISO_NORTH,,3.0-1.0.0,6/8/2022 11:45:00 AM,
2022-06-08T11:50:00+00:00,988.1364,0,,CAISO_NORTH,,3.0-1.0.0,6/8/2022 11:50:00 AM,
2022-06-08T11:55:00+00:00,973.0725,0,,CAISO_NORTH,,3.0-1.0.0,6/8/2022 11:55:00 AM,
2022-06-08T12:00:00+00:00,960.27954,0,,CAISO_NORTH,,3.0-1.0.0,6/8/2022 12:00:00 PM,
2022-06-08T12:05:00+00:00,935.57886,0,,CAISO_NORTH,,3.0-1.0.0,6/8/2022 12:05:00 PM,
2022-06-08T12:10:00+00:00,964.74243,0,,CAISO_NORTH,,3.0-1.0.0,6/8/2022 12:10:00 PM,
2022-06-08T12:15:00+00:00,974.21765,0,,CAISO_NORTH,,3.0-1.0.0,6/8/2022 12:15:00 PM,
2022-06-08T12:20:00+00:00,976.35284,0,,CAISO_NORTH,,3.0-1.0.0,6/8/2022 12:20:00 PM,
2022-06-08T12:25:00+00:00,979.2462,0,,CAISO_NORTH,,3.0-1.0.0,6/8/2022 12:25:00 PM,
2022-06-08T12:30:00+00:00,965.77075,0,,CAISO_NORTH,,3.0-1.0.0,6/8/2022 12:30:00 PM,
2022-06-08T12:35:00+00:00,944.7895,0,,CAISO_NORTH,,3.0-1.0.0,6/8/2022 12:35:00 PM,
2022-06-08T12:40:00+00:00,934.1843,0,,CAISO_NORTH,,3.0-1.0.0,6/8/2022 12:40:00 PM,
2022-06-08T12:45:00+00:00,929.5099,0,,CAISO_NORTH,,3.0-1.0.0,6/8/2022 12:45:00 PM,
2022-06-08T12:50:00+00:00,923.4678,0,,CAISO_NORTH,,3.0-1.0.0,6/8/2022 12:50:00 PM,
2022-06-08T12:55:00+00:00,920.17126,0,,CAISO_NORTH,,3.0-1.0.0,6/8/2022 12:55:00 PM,
2022-06-08T13:00:00+00:00,915.4457,0,,CAISO_NORTH,,3.0-1.0.0,6/8/2022 1:00:00 PM,
2022-06-08T13:05:00+00:00,919.5964,0,,CAISO_NORTH,,3.0-1.0.0,6/8/2022 1:05:00 PM,
2022-06-08T13:10:00+00:00,914.77295,0,,CAISO_NORTH,,3.0-1.0.0,6/8/2022 1:10:00 PM,
2022-06-08T13:15:00+00:00,925.54913,0,,CAISO_NORTH,,3.0-1.0.0,6/8/2022 1:15:00 PM,
2022-06-08T13:20:00+00:00,926.54266,0,,CAISO_NORTH,,3.0-1.0.0,6/8/2022 1:20:00 PM,
2022-06-08T13:25:00+00:00,925.792,0,,CAISO_NORTH,,3.0-1.0.0,6/8/2022 1:25:00 PM,
2022-06-08T13:30:00+00:00,921.5589,0,,CAISO_NORTH,,3.0-1.0.0,6/8/2022 1:30:00 PM,
2022-06-08T13:35:00+00:00,911.91956,0,,CAISO_NORTH,,3.0-1.0.0,6/8/2022 1:35:00 PM,
2022-06-08T13:40:00+00:00,915.47986,0,,CAISO_NORTH,,3.0-1.0.0,6/8/2022 1:40:00 PM,
2022-06-08T13:45:00+00:00,908.4897,0,,CAISO_NORTH,,3.0-1.0.0,6/8/2022 1:45:00 PM,
2022-06-08T13:50:00+00:00,845.2237,0,,CAISO_NORTH,,3.0-1.0.0,6/8/2022 1:50:00 PM,
2022-06-08T13:55:00+00:00,845.8463,0,,CAISO_NORTH,,3.0-1.0.0,6/8/2022 1:55:00 PM,
2022-06-08T14:00:00+00:00,836.37384,0,,CAISO_NORTH,,3.0-1.0.0,6/8/2022 2:00:00 PM,
2022-06-08T14:05:00+00:00,907.3583,0,,CAISO_NORTH,,3.0-1.0.0,6/8/2022 2:05:00 PM,
2022-06-08T14:10:00+00:00,910.0503,0,,CAISO_NORTH,,3.0-1.0.0,6/8/2022 2:10:00 PM,
2022-06-08T14:15:00+00:00,917.60144,0,,CAISO_NORTH,,3.0-1.0.0,6/8/2022 2:15:00 PM,
2022-06-08T14:20:00+00:00,925.0644,0,,CAISO_NORTH,,3.0-1.0.0,6/8/2022 2:20:00 PM,
2022-06-08T14:25:00+00:00,756.0552,0,,CAISO_NORTH,,3.0-1.0.0,6/8/2022 2:25:00 PM,
2022-06-08T14:30:00+00:00,718.6461,0,,CAISO_NORTH,,3.0-1.0.0,6/8/2022 2:30:00 PM,
2022-06-08T14:35:00+00:00,680.14996,0,,CAISO_NORTH,,3.0-1.0.0,6/8/2022 2:35:00 PM,
2022-06-08T14:40:00+00:00,652.4058,0,,CAISO_NORTH,,3.0-1.0.0,6/8/2022 2:40:00 PM,
2022-06-08T14:45:00+00:00,605.8192,0,,CAISO_NORTH,,3.0-1.0.0,6/8/2022 2:45:00 PM,
2022-06-08T14:50:00+00:00,600.55164,0,,CAISO_NORTH,,3.0-1.0.0,6/8/2022 2:50:00 PM,
2022-06-08T14:55:00+00:00,523.72595,0,,CAISO_NORTH,,3.0-1.0.0,6/8/2022 2:55:00 PM,
2022-06-08T15:00:00+00:00,509.6012,0,,CAISO_NORTH,,3.0-1.0.0,6/8/2022 3:00:00 PM,
2022-06-08T15:05:00+00:00,729.9232,0,,CAISO_NORTH,,3.0-1.0.0,6/8/2022 3:05:00 PM,
2022-06-08T15:10:00+00:00,797.5519,0,,CAISO_NORTH,,3.0-1.0.0,6/8/2022 3:10:00 PM,
2022-06-08T15:15:00+00:00,810.5185,0,,CAISO_NORTH,,3.0-1.0.0,6/8/2022 3:15:00 PM,
2022-06-08T15:20:00+00:00,719.5563,0,,CAISO_NORTH,,3.0-1.0.0,6/8/2022 3:20:00 PM,
2022-06-08T15:25:00+00:00,704.9397,0,,CAISO_NORTH,,3.0-1.0.0,6/8/2022 3:25:00 PM,
2022-06-08T15:30:00+00:00,695.2817,0,,CAISO_NORTH,,3.0-1.0.0,6/8/2022 3:30:00 PM,
2022-06-08T15:35:00+00:00,725.3226,0,,CAISO_NORTH,,3.0-1.0.0,6/8/2022 3:35:00 PM,
2022-06-08T15:40:00+00:00,710.1795,0,,CAISO_NORTH,,3.0-1.0.0,6/8/2022 3:40:00 PM,
2022-06-08T15:45:00+00:00,679.70654,0,,CAISO_NORTH,,3.0-1.0.0,6/8/2022 3:45:00 PM,
2022-06-08T15:50:00+00:00,638.0389,0,,CAISO_NORTH,,3.0-1.0.0,6/8/2022 3:50:00 PM,
2022-06-08T15:55:00+00:00,668.0706,0,,CAISO_NORTH,,3.0-1.0.0,6/8/2022 3:55:00 PM,
2022-06-08T16:00:00+00:00,663.65796,0,,CAISO_NORTH,,3.0-1.0.0,6/8/2022 4:00:00 PM,
2022-06-08T16:05:00+00:00,673.4975,0,,CAISO_NORTH,,3.0-1.0.0,6/8/2022 4:05:00 PM,
2022-06-08T16:10:00+00:00,714.6278,0,,CAISO_NORTH,,3.0-1.0.0,6/8/2022 4:10:00 PM,
2022-06-08T16:15:00+00:00,723.1459,0,,CAISO_NORTH,,3.0-1.0.0,6/8/2022 4:15:00 PM,
2022-06-08T16:20:00+00:00,729.3622,0,,CAISO_NORTH,,3.0-1.0.0,6/8/2022 4:20:00 PM,
2022-06-08T16:25:00+00:00,739.9838,0,,CAISO_NORTH,,3.0-1.0.0,6/8/2022 4:25:00 PM,
2022-06-08T16:30:00+00:00,747.7311,0,,CAISO_NORTH,,3.0-1.0.0,6/8/2022 4:30:00 PM,
2022-06-08T16:35:00+00:00,766.84625,0,,CAISO_NORTH,,3.0-1.0.0,6/8/2022 4:35:00 PM,
2022-06-08T16:40:00+00:00,741.3929,0,,CAISO_NORTH,,3.0-1.0.0,6/8/2022 4:40:00 PM,
2022-06-08T16:45:00+00:00,740.23376,0,,CAISO_NORTH,,3.0-1.0.0,6/8/2022 4:45:00 PM,
2022-06-08T16:50:00+00:00,736.2352,0,,CAISO_NORTH,,3.0-1.0.0,6/8/2022 4:50:00 PM,
2022-06-08T16:55:00+00:00,753.56354,0,,CAISO_NORTH,,3.0-1.0.0,6/8/2022 4:55:00 PM,
2022-06-08T17:00:00+00:00,740.5745,0,,CAISO_NORTH,,3.0-1.0.0,6/8/2022 5:00:00 PM,
2022-06-08T17:05:00+00:00,698.3292,0,,CAISO_NORTH,,3.0-1.0.0,6/8/2022 5:05:00 PM,
2022-06-08T17:10:00+00:00,740.0578,0,,CAISO_NORTH,,3.0-1.0.0,6/8/2022 5:10:00 PM,
2022-06-08T17:15:00+00:00,756.7068,0,,CAISO_NORTH,,3.0-1.0.0,6/8/2022 5:15:00 PM,
2022-06-08T17:20:00+00:00,741.94794,0,,CAISO_NORTH,,3.0-1.0.0,6/8/2022 5:20:00 PM,
2022-06-08T17:25:00+00:00,742.3851,0,,CAISO_NORTH,,3.0-1.0.0,6/8/2022 5:25:00 PM,
2022-06-08T17:30:00+00:00,732.2817,0,,CAISO_NORTH,,3.0-1.0.0,6/8/2022 5:30:00 PM,
2022-06-08T17:35:00+00:00,730.678,0,,CAISO_NORTH,,3.0-1.0.0,6/8/2022 5:35:00 PM,
2022-06-08T17:40:00+00:00,741.49786,0,,CAISO_NORTH,,3.0-1.0.0,6/8/2022 5:40:00 PM,
2022-06-08T17:45:00+00:00,745.7725,0,,CAISO_NORTH,,3.0-1.0.0,6/8/2022 5:45:00 PM,
2022-06-08T17:50:00+00:00,730.15234,0,,CAISO_NORTH,,3.0-1.0.0,6/8/2022 5:50:00 PM,
2022-06-08T17:55:00+00:00,772.0931,0,,CAISO_NORTH,,3.0-1.0.0,6/8/2022 5:55:00 PM,
2022-06-08T18:00:00+00:00,766.0727,0,,CAISO_NORTH,,3.0-1.0.0,6/8/2022 6:00:00 PM,
2022-06-08T18:05:00+00:00,760.18964,0,,CAISO_NORTH,,3.0-1.0.0,6/8/2022 6:05:00 PM,
2022-06-08T18:10:00+00:00,729.85834,0,,CAISO_NORTH,,3.0-1.0.0,6/8/2022 6:10:00 PM,
2022-06-08T18:15:00+00:00,746.5404,0,,CAISO_NORTH,,3.0-1.0.0,6/8/2022 6:15:00 PM,
2022-06-08T18:20:00+00:00,757.6114,0,,CAISO_NORTH,,3.0-1.0.0,6/8/2022 6:20:00 PM,
2022-06-08T18:25:00+00:00,762.83734,0,,CAISO_NORTH,,3.0-1.0.0,6/8/2022 6:25:00 PM,
2022-06-08T18:30:00+00:00,813.0302,0,,CAISO_NORTH,,3.0-1.0.0,6/8/2022 6:30:00 PM,
2022-06-08T18:35:00+00:00,822.0145,0,,CAISO_NORTH,,3.0-1.0.0,6/8/2022 6:35:00 PM,
2022-06-08T18:40:00+00:00,804.2752,0,,CAISO_NORTH,,3.0-1.0.0,6/8/2022 6:40:00 PM,
2022-06-08T18:45:00+00:00,796.24347,0,,CAISO_NORTH,,3.0-1.0.0,6/8/2022 6:45:00 PM,
2022-06-08T18:50:00+00:00,752.6188,0,,CAISO_NORTH,,3.0-1.0.0,6/8/2022 6:50:00 PM,
2022-06-08T18:55:00+00:00,816.8755,0,,CAISO_NORTH,,3.0-1.0.0,6/8/2022 6:55:00 PM,
2022-06-08T19:00:00+00:00,814.3345,0,,CAISO_NORTH,,3.0-1.0.0,6/8/2022 7:00:00 PM,
2022-06-08T19:05:00+00:00,808.5969,0,,CAISO_NORTH,,3.0-1.0.0,6/8/2022 7:05:00 PM,
2022-06-08T19:10:00+00:00,734.39355,0,,CAISO_NORTH,,3.0-1.0.0,6/8/2022 7:10:00 PM,
2022-06-08T19:15:00+00:00,750.3423,0,,CAISO_NORTH,,3.0-1.0.0,6/8/2022 7:15:00 PM,
2022-06-08T19:20:00+00:00,747.37537,0,,CAISO_NORTH,,3.0-1.0.0,6/8/2022 7:20:00 PM,
2022-06-08T19:25:00+00:00,769.66986,0,,CAISO_NORTH,,3.0-1.0.0,6/8/2022 7:25:00 PM,
2022-06-08T19:30:00+00:00,754.9138,0,,CAISO_NORTH,,3.0-1.0.0,6/8/2022 7:30:00 PM,
2022-06-08T19:35:00+00:00,776.71216,0,,CAISO_NORTH,,3.0-1.0.0,6/8/2022 7:35:00 PM,
2022-06-08T19:40:00+00:00,804.6213,0,,CAISO_NORTH,,3.0-1.0.0,6/8/2022 7:40:00 PM,
2022-06-08T19:45:00+00:00,804.3353,0,,CAISO_NORTH,,3.0-1.0.0,6/8/2022 7:45:00 PM,
2022-06-08T19:50:00+00:00,804.66455,0,,CAISO_NORTH,,3.0-1.0.0,6/8/2022 7:50:00 PM,
2022-06-08T19:55:00+00:00,805.1129,0,,CAISO_NORTH,,3.0-1.0.0,6/8/2022 7:55:00 PM,
2022-06-08T20:00:00+00:00,778.26074,0,,CAISO_NORTH,,3.0-1.0.0,6/8/2022 8:00:00 PM,
2022-06-08T20:05:00+00:00,788.23505,0,,CAISO_NORTH,,3.0-1.0.0,6/8/2022 8:05:00 PM,
2022-06-08T20:10:00+00:00,776.4049,0,,CAISO_NORTH,,3.0-1.0.0,6/8/2022 8:10:00 PM,
2022-06-08T20:15:00+00:00,771.29926,0,,CAISO_NORTH,,3.0-1.0.0,6/8/2022 8:15:00 PM,
2022-06-08T20:20:00+00:00,772.00323,0,,CAISO_NORTH,,3.0-1.0.0,6/8/2022 8:20:00 PM,
2022-06-08T20:25:00+00:00,772.23065,0,,CAISO_NORTH,,3.0-1.0.0,6/8/2022 8:25:00 PM,
2022-06-08T20:30:00+00:00,772.1981,0,,CAISO_NORTH,,3.0-1.0.0,6/8/2022 8:30:00 PM,
2022-06-08T20:35:00+00:00,734.7176,0,,CAISO_NORTH,,3.0-1.0.0,6/8/2022 8:35:00 PM,
